Count;;;N NI;;;Count of objects available in this stream
Status;;;N NI;;;Status of bit field (0=IsAccepted, 1=IsFilled, 2=IsUpdated, 3=IsFinished)
StreamCount;;;N NI;;;Count of streams of this kind available (base=1)
StreamKind;General;;N NT;;;Stream type name
StreamKind/String;;;N NT;;;Stream type name
StreamKindID;;;N NI;;;Stream number (base=0)
StreamKindPos;;;N NI;;;Number of the stream, when multiple (base=1)
StreamOrder;;;N YIY;;;Stream order in the file for type of stream (base=0)
FirstPacketOrder;;;N YI;;;Order of the first fully decodable packet met in the file for stream type (base=0)
Inform;;;N NT;;;Last **Inform** call
ID;;;N YTY;;;The ID for this stream in this file
ID/String;;;Y NT;;;The ID for this stream in this file
OriginalSourceMedium_ID;;;N YTY;;;The ID for this stream in the original medium of the material
OriginalSourceMedium_ID/String;;;Y NT;;;The ID for this stream in the original medium of the material
UniqueID;;;N YTY;;;The unique ID for this stream, should be copied with stream copy
UniqueID/String;;;Y NT;;;The unique ID for this stream, should be copied with stream copy
MenuID;;;N YTY;;;The menu ID for this stream in this file
MenuID/String;;;Y NT;;;The menu ID for this stream in this file
GeneralCount;1;;N NIY;;;Number of general streams
VideoCount;;;N NIY;;;Number of video streams
AudioCount;;;N NIY;;;Number of audio streams
TextCount;;;N NIY;;;Number of text streams
OtherCount;;;N NIY;;;Number of other streams
ImageCount;;;N NIY;;;Number of image streams
MenuCount;;;N NIY;;;Number of menu streams
Video_Format_List;;;N NT;;;Video Codecs in this file, separated by /
Video_Format_WithHint_List;;;N NT;;;Video Codecs in this file with popular name (hint), separated by /
Video_Codec_List;;;N NT;;;Deprecated, do not use in new projects
Video_Language_List;;;N NT;;;Video languages in this file, full names, separated by /
Audio_Format_List;;;N NT;;;Audio Codecs in this file,separated by /
Audio_Format_WithHint_List;;;N NT;;;Audio Codecs in this file with popular name (hint), separated by /
Audio_Codec_List;;;N NT;;;Deprecated, do not use in new projects
Audio_Language_List;;;N NT;;;Audio languages in this file separated by /
Text_Format_List;;;N NT;;;Text Codecs in this file, separated by /
Text_Format_WithHint_List;;;N NT;;;Text Codecs in this file with popular name (hint),separated by /
Text_Codec_List;;;N NT;;;Deprecated, do not use in new projects
Text_Language_List;;;N NT;;;Text languages in this file, separated by /
Other_Format_List;;;N NT;;;Other formats in this file, separated by /
Other_Format_WithHint_List;;;N NT;;;Other formats in this file with popular name (hint), separated by /
Other_Codec_List;;;N NT;;;Deprecated, do not use in new projects
Other_Language_List;;;N NT;;;Chapters languages in this file, separated by /
Image_Format_List;;;N NT;;;Image Codecs in this file, separated by /
Image_Format_WithHint_List;;;N NT;;;Image Codecs in this file with popular name (hint), separated by /
Image_Codec_List;;;N NT;;;Deprecated, do not use in new projects
Image_Language_List;;;N NT;;;Image languages in this file, separated by /
Menu_Format_List;;;N NT;;;Menu Codecs in this file, separated by /
Menu_Format_WithHint_List;;;N NT;;;Menu Codecs in this file with popular name (hint),separated by /
Menu_Codec_List;;;N NT;;;Deprecated, do not use in new projects
Menu_Language_List;;;N NT;;;Menu languages in this file, separated by /
CompleteName;;;Y YT;;;Complete name (Folder+Name+Extension)
FolderName;;;N NT;;;Folder name only
FileNameExtension;;;N NT;;;File name and extension
FileName;;;N NT;;;File name only
FileExtension;;;N NTY;;;File extension only
CompleteName_Last;;;Y YTY;;;Complete name (Folder+Name+Extension) of the last file (in the case of a sequence of files)
FolderName_Last;;;N NT;;;Folder name only of the last file (in the case of a sequence of files)
FileNameExtension_Last;;;N NT;;;File name and extension of the last file (in the case of a sequence of files)
FileName_Last;;;N NT;;;File name only of the last file (in the case of a sequence of files)
FileExtension_Last;;;N NT;;;File extension only of the last file (in the case of a sequence of files)
Format;;;N YTY;;;Format used
Format/String;;;Y NT;;;Format used + additional features
Format/Info;;;Y NT;;;Info about this Format
Format/Url;;;N NT;;;Link to a description of this format
Format/Extensions;;;N NT;;;Known extensions of this format
Format_Commercial;;;N NT;;;Commercial name used by vendor for these settings or Format field if there is no difference
Format_Commercial_IfAny;;;Y YTY;;;Commercial name used by vendor for these settings if there is one
Format_Version;;;Y YTY;;;Version of this format
Format_Profile;;;Y YTY;;;Profile of the Format (old XML: 'Profile@Level' format; MIXML: 'Profile' only)
Format_Level;;;Y YTY;;;Level of the Format (only MIXML)
Format_Compression;;;Y YTY;;;Compression method used;;
Format_Settings;;;Y YTY;;;Settings needed for decoder used
Format_AdditionalFeatures;;;N YTY;;;Format features needed for fully supporting the content
InternetMediaType;;;N YT;;;Internet Media Type (aka MIME Type, Content-Type)
CodecID;;;N YTY;;;Codec ID (found in some containers);;
CodecID/String;;;Y NT;;;Codec ID (found in some containers);;
CodecID/Info;;;Y NT;;;Info about this Codec
CodecID/Hint;;;Y NT;;;A hint/popular name for this Codec
CodecID/Url;;;N NT;;;A link to more details about this Codec ID
CodecID_Description;;;Y YTY;;;Manual description given by the container
CodecID_Version;;;N YTY;;;Version of the CodecID
CodecID_Compatible;;;N YTY;;;Compatible CodecIDs
Interleaved;;;N YTY;;;If Audio and video are muxed
Codec;;;N NT;;;Deprecated, do not use in new projects
Codec/String;;;N NT;;;Deprecated, do not use in new projects
Codec/Info;;;N NT;;;Deprecated, do not use in new projects
Codec/Url;;;N NT;;;Deprecated, do not use in new projects
Codec/Extensions;;;N NT;;;Deprecated, do not use in new projects
Codec_Settings;;;N NT;;;Deprecated, do not use in new projects
Codec_Settings_Automatic;;;N NT;;;Deprecated, do not use in new projects
FileSize;; byte;N YTY;;;File size in bytes
FileSize/String;;;Y NT;;;File size (with measure)
FileSize/String1;;;N NT;;;File size (with measure, 1 digit mini)
FileSize/String2;;;N NT;;;File size (with measure, 2 digit mini)
FileSize/String3;;;N NT;;;File size (with measure, 3 digit mini)
FileSize/String4;;;N NT;;;File size (with measure, 4 digit mini)
Duration;; ms;N YFY;;;Play time of the stream (in ms)
Duration/String;;;Y NT;;;Play time in format : XXx YYy only, YYy omitted if zero
Duration/String1;;;N NT;;;Play time in format : HHh MMmn SSs MMMms, XX omitted if zero
Duration/String2;;;N NT;;;Play time in format : XXx YYy only, YYy omitted if zero
Duration/String3;;;N NT;;;Play time in format : HH:MM:SS.MMM
Duration/String4;;;N NT;;;Play time in format : HH:MM:SS:FF, last colon replaced by semicolon for drop frame if available
Duration/String5;;;N NT;;;Play time in format : HH:MM:SS.mmm (HH:MM:SS:FF)
Duration_Start;;;Y YTY;;;
Duration_End;;;Y YTY;;;
OverallBitRate_Mode;;;N YTY;;;Bit rate mode of all streams (VBR, CBR)
OverallBitRate_Mode/String;;;Y NT;;;Bit rate mode of all streams (Variable, Constant)
OverallBitRate;; bps;N YFY;;;Bit rate of all streams (in bps)
OverallBitRate/String;;;Y NT;;;Bit rate of all streams (with measure)
OverallBitRate_Minimum;; bps;N YFY;;;Minimum bit rate (in bps)
OverallBitRate_Minimum/String;;;Y NT;;;Minimum bit rate (with measurement)
OverallBitRate_Nominal;; bps;N YFY;;;Nominal bit rate (in bps)
OverallBitRate_Nominal/String;;;Y NT;;;Nominal bit rate (with measurement)
OverallBitRate_Maximum;; bps;N YFY;;;Maximum bit rate (in bps)
OverallBitRate_Maximum/String;;;Y NT;;;Maximum bit rate (with measurement)
FrameRate;; fps;N YFY;;;Frames per second
FrameRate/String;;;N NT;;;Frames per second (with measurement)
FrameRate_Num;;;N NFN;;;Frames per second, numerator
FrameRate_Den;;;N NFN;;;Frames per second, denominator
FrameCount;;;N NIY;;;Frame count (if a frame contains a count of samples);;
Delay;; ms;N YI;;;Delay fixed in the stream (relative) (in ms)
Delay/String;;;N NT;;;Delay with measurement
Delay/String1;;;N NT;;;Delay with measurement
Delay/String2;;;N NT;;;Delay with measurement
Delay/String3;;;N NT;;;format : HH:MM:SS.MMM
Delay/String4;;;N NT;;;Delay in format : HH:MM:SS:FF, last colon replaced by semicolon for drop frame if available
Delay/String5;;;N NT;;;Delay in format : HH:MM:SS.mmm (HH:MM:SS:FF)
Delay_Settings;;;N NTY;;;Delay settings (in case of timecode, for example);
Delay_DropFrame;;;N NTY;;;Delay drop frame;
Delay_Source;;;N NTY;;;Delay source (Container, Stream, empty);
Delay_Source/String;;;N NT;;;Delay source (Container, Stream, empty);
StreamSize;; byte;N YIY;;;Stream size (in bytes)
StreamSize/String;;;N NT;;;
StreamSize/String1;;;N NT;;;
StreamSize/String2;;;N NT;;;
StreamSize/String3;;;N NT;;;
StreamSize/String4;;;N NT;;;
StreamSize/String5;;;N NT;;;Stream size with proportion
StreamSize_Proportion;;;N NT;;;Stream size divided by file size
StreamSize_Demuxed;; byte;N YIN;;;StreamSize after demux (in bytes);;
StreamSize_Demuxed/String;;;N NT;;;StreamSize_Demuxed with percentage value;;
StreamSize_Demuxed/String1;;;N NT;;;;;
StreamSize_Demuxed/String2;;;N NT;;;;;
StreamSize_Demuxed/String3;;;N NT;;;;;
StreamSize_Demuxed/String4;;;N NT;;;;;
StreamSize_Demuxed/String5;;;N NT;;;StreamSize_Demuxed with percentage value (note: theoretical value, not for real use);;
HeaderSize;;;N YIY;;;
DataSize;;;N YIY;;;
FooterSize;;;N YIY;;;
IsStreamable;;;N YTY;;;
Album_ReplayGain_Gain;; dB;N YTY;;;The gain to apply to reach 89dB SPL on playback
Album_ReplayGain_Gain/String;;;Y YT;;;
Album_ReplayGain_Peak;;;Y YTY;;;The maximum absolute peak value of the item;;
Encryption;;;Y YT;;;;;
Encryption_Format;;;N YTY;;;;;
Encryption_Length;;;N YTY;;;;;
Encryption_Method;;;N YTY;;;;;
Encryption_Mode;;;N YTY;;;;;
Encryption_Padding;;;N YTY;;;;;
Encryption_InitializationVector;;;N YTY;;;;;
UniversalAdID/String;;;Y NT;;;Universal Ad-ID, see https://ad-id.org
UniversalAdID_Registry;;;N YTY;;;Universal Ad-ID registry
UniversalAdID_Value;;;N YTY;;;Universal Ad-ID value
Title;;;N NTY;;;(Generic)Title of file;;Title
Title_More;;;N NTY;;;(Generic)More info about the title of file;;Title
Title/Url;;;N NT;;;(Generic)Url;;Title
Domain;;;Y YTY;;;Universe movies belong to, e.g. Star Wars, Stargate, Buffy, Dragonball;;Title
Collection;;;Y YTY;;;Name of the series, e.g. Star Wars movies, Stargate SG-1, Stargate Atlantis, Buffy, Angel;;Title
Season;;;Y YTY;;;Name of the season, e.g. Star Wars first Trilogy, Season 1;;Title
Season_Position;;;Y YIY;;;Number of the Season;;Title
Season_Position_Total;;;Y YIY;;;Place of the season, e.g. 2 of 7;;Title
Movie;;;Y YTY;;;Name of the movie. Eg : Star Wars, A New Hope;;Title
Movie_More;;;Y YTY;;;More info about the movie;;Title
Movie/Country;;;Y YTY;;;Country, where the movie was produced;;Title
Movie/Url;;;Y YT;;;Homepage for the movie;;Title
Album;;;Y YTY;;;Name of an audio-album. Eg : The Joshua Tree;;Title
Album_More;;;Y YTY;;;More info about the album;;Title
Album/Sort;;;Y YTY;;;;;Title
Album/Performer;;;Y YTY;;;Album performer/artist of this file;;Entity
Album/Performer/Sort;;;Y YTY;;;;;Entity
Album/Performer/Url;;;Y YT;;;Homepage of the album performer/artist;;Entity
Comic;;;Y YTY;;;Name of the comic.;;Title
Comic_More;;;Y YTY;;;More info about the comic;;Title
Comic/Position_Total;;;Y YIY;;;Place of the comic, e.g. 1 of 10;;Title
Part;;;Y YTY;;;Name of the part. e.g. CD1, CD2;;Title
Part/Position;;;Y YIY;;;Number of the part;;Title
Part/Position_Total;;;Y YIY;;;Place of the part e.g. 2 of 3;;Title
Track;;;Y YTY;;;Name of the track. e.g. track 1, track 2;;Title
Track_More;;;Y YTY;;;More info about the track;;Title
Track/Url;;;Y YT;;;Link to a site about this track;;Title
Track/Sort;;;Y YTY;;;;;Title
Track/Position;;;Y YIY;;;Number of this track;;Title
Track/Position_Total;;;Y YIY;;;Place of this track, e.g. 3 of 15;;Title
PackageName;;;Y YTY;;;Package name i.e. technical flavor of the content
Grouping;;;Y YTY;;;iTunes grouping;;Title
Chapter;;;Y YTY;;;Name of the chapter;;Title
SubTrack;;;Y YTY;;;Name of the subtrack;;Title
Original/Album;;;Y YTY;;;Original name of the album;;Title
Original/Movie;;;Y YTY;;;Original name of the movie;;Title
Original/Part;;;Y YTY;;;Original name of the part;;Title
Original/Track;;;Y YTY;;;Original name of the track;;Title
Compilation;;Yes;N YTY;;;iTunes compilation;;Title
Compilation/String;;;Y NT;;;iTunes compilation;;Title
Performer;;;Y YTY;;;Main performer(s)/artist(s);;Entity
Performer/Sort;;;Y YTY;;;;;Entity
Performer/Url;;;Y YT;;;Homepage of the performer/artist;;Entity
Original/Performer;;;Y YTY;;;Original artist(s)/performer(s);;Entity
Accompaniment;;;Y YTY;;;Band/orchestra/accompaniment/musician;;Entity
Composer;;;Y YTY;;;Name of the original composer;;Entity
Composer/Nationality;;;Y YTY;;;Nationality of the primary composer of the piece (mostly for classical music);;Entity
Composer/Sort;;;Y YTY;;;;;Entity
Arranger;;;Y YTY;;;The person who arranged the piece (e.g. Ravel);;Entity
Lyricist;;;Y YTY;;;The person who wrote the lyrics for the piece;;Entity
Original/Lyricist;;;Y YTY;;;Original lyricist(s)/text writer(s).;;Entity
Conductor;;;Y YTY;;;The artist(s) who performed the work. In classical music this would be the conductor, orchestra, soloists, etc.;;Entity
Director;;;Y YTY;;;Name of the director;;Entity
CoDirector;;;Y YTY;;;Name of the codirector;;Entity
AssistantDirector;;;Y YTY;;;Name of the assistant director;;Entity
DirectorOfPhotography;;;Y YTY;;;Name of the director of photography, also known as cinematographer;;Entity
SoundEngineer;;;Y YTY;;;Name of the sound engineer or sound recordist;;Entity
ArtDirector;;;Y YTY;;;Name of the person who oversees the artists and craftspeople who build the sets;;Entity
ProductionDesigner;;;Y YTY;;;Name of the person responsible for designing the overall visual appearance of a movie;;Entity
Choreographer;;;Y YTY;;;Name of the choreographer;;Entity
CostumeDesigner;;;Y YTY;;;Name of the costume designer;;Entity
Actor;;;Y YTY;;;Real name of an actor/actress playing a role in the movie;;Entity
Actor_Character;;;Y YTY;;;Name of the character an actor or actress plays in this movie;;Entity
WrittenBy;;;Y YTY;;;Author of the story or script;;Entity
ScreenplayBy;;;Y YTY;;;Author of the screenplay or scenario (used for movies and TV shows);;Entity
EditedBy;;;Y YTY;;;Editors name;;Entity
CommissionedBy;;;Y YTY;;;Name of the person or organization that commissioned the subject of the file;;Entity
Producer;;;Y YTY;;;Name of the producer of the movie;;Entity
CoProducer;;;Y YTY;;;Name of a co-producer;;Entity
ExecutiveProducer;;;Y YTY;;;Name of an executive producer;;Entity
MusicBy;;;Y YTY;;;Main musical artist for a movie;;Entity
DistributedBy;;;Y YTY;;;Company responsible for distribution of the content;;Entity
OriginalSourceForm/DistributedBy;;;Y YTY;;;Name of the person or organization who supplied the original subject;;Entity
MasteredBy;;;Y YTY;;;The engineer who mastered the content for a physical medium or for digital distribution;;Entity
EncodedBy;;;Y YTY;;;Name of the person/organisation that encoded/ripped the audio file.;;Entity
RemixedBy;;;Y YTY;;;Name of the artist(s) that interpreted, remixed, or otherwise modified the content;;Entity
ProductionStudio;;;Y YTY;;;Main production studio;;Entity
ThanksTo;;;Y YTY;;;A very general tag for everyone else that wants to be listed;;Entity
Publisher;;;Y YTY;;;Name of the organization publishing the album (i.e. the 'record label') or movie;;Entity
Publisher/URL;;;Y YTY;;;Publisher's official webpage;;Entity
Label;;;Y YTY;;;Brand or trademark associated with the marketing of music recordings and music videos;;Entity
Genre;;;Y YTY;;;Main genre of the audio or video. e.g. classical, ambient-house, synthpop, sci-fi, drama, etc.;;Classification
PodcastCategory;;;Y YTY;;;Podcast category;;Classification
Mood;;;Y YTY;;;Intended to reflect the mood of the item with a few keywords, e.g. Romantic, Sad, Uplifting, etc.;;Classification
ContentType;;;Y YTY;;;The type or genre of the content. e.g. Documentary, Feature Film, Cartoon, Music Video, Music, Sound FX, etc.;;Classification
Subject;;;Y YTY;;;Describes the topic of the file, such as 'Aerial view of Seattle.';;Classification
Description;;;Y YTY;;;A short description of the contents, such as 'Two birds flying.';;Classification
Keywords;;;Y YTY;;;Keywords for the content separated by a comma, used for searching;;Classification
Summary;;;Y YTY;;;Plot outline or a summary of the story;;Classification
Synopsis;;;Y YTY;;;Description of the story line of the item;;Classification
Period;;;Y YTY;;;Describes the period that the piece is from or about. e.g. Renaissance.;;Classification
LawRating;;;Y YTY;;;Legal rating of a movie. Format depends on country of origin (e.g. PG or R in the USA, an age in other countries or a URI defining a logo);;Classification
LawRating_Reason;;;Y YTY;;;Reason for the law rating;;Classification
ICRA;;;Y YTY;;;The ICRA rating (previously RSACi);;Classification
Released_Date;;;Y YTY;;;Date/year that the content was released;;Temporal
Original/Released_Date;;;Y YTY;;;Date/year that the content was originally released;;Temporal
Recorded_Date;;;Y YTY;;;Time/date/year that the recording began;;Temporal
Encoded_Date;;;Y YTY;;;Time/date/year that the encoding of this content was completed;;Temporal
Tagged_Date;;;Y YTY;;;Time/date/year that the tags were added to this content;;Temporal
Written_Date;;;Y YTY;;;Time/date/year that the composition of the music/script began;;Temporal
Mastered_Date;;;Y YTY;;;Time/date/year that the content was transferred to a digital medium.;;Temporal
File_Created_Date;;;N NTY;;;Time that the file was created on the file system;;Temporal
File_Created_Date_Local;;;N NTY;;;Time that the file was created on the file system (Warning: this field depends of local configuration, do not use it in an international database);;Temporal
File_Modified_Date;;;N NTY;;;Time that the file was last modified on the file system;;Temporal
File_Modified_Date_Local;;;N NTY;;;Time that the file was last modified on the file system (Warning: this field depends of local configuration, do not use it in an international database);;Temporal
Recorded_Location;;;Y YTY;;;Location where track was recorded (See COMPOSITION_LOCATION for format);;Spatial
Written_Location;;;Y YTY;;;Location that the item was originally designed/written. Information should be stored in the following format: country code, state/province, city where the country code is the same 2 octets as in Internet domains, or possibly ISO-3166. e.g. US, Texas, Austin or US, , Austin.;;Spatial
Archival_Location;;;Y YTY;;;Location where an item is archived (e.g. Louvre, Paris, France);;Spatial
Encoded_Application;;;N YTY;;;Name of the software package used to create the file, such as Microsoft WaveEdiTY;;Technical
Encoded_Application/String;;;Y NT;;;Name of the software package used to create the file, such as Microsoft WaveEdit, trying to have the format 'CompanyName ProductName (OperatingSystem) Version (Date)';;Technical
Encoded_Application_CompanyName;;;N YTY;;;Name of the company of the encoding application;;Technical
Encoded_Application_Name;;;N YTY;;;Name of the encoding product;;Technical
Encoded_Application_Version;;;N YTY;;;Version of the encoding product;;Technical
Encoded_Application_Url;;;N YTY;;;URL associated with the encoding software;;Technical
Encoded_Library;;;N YTY;;;Software used to create the file;;Technical
Encoded_Library/String;;;Y NT;;;Software used to create the file, trying to have the format 'CompanyName ProductName (OperatingSystem) Version (Date)';;Technical
Encoded_Library_CompanyName;;;N YTY;;;Name of the company;;Technical
Encoded_Library_Name;;;N NTY;;;Name of the the encoding library;;Technical
Encoded_Library_Version;;;N NTY;;;Version of encoding library;;Technical
Encoded_Library_Date;;;N NTY;;;Release date of encoding library;;Technical
Encoded_Library_Settings;;;Y YTY;;;Parameters used by the encoding library;;Technical
Encoded_OperatingSystem;;;N YTY;;;Operating System used by encoding application;;Technical
Cropped;;;Y YTY;;;Describes whether an image has been cropped and, if so, how it was cropped;;Technical
Dimensions;;;Y YTY;;;Specifies the size of the original subject of the file (e.g. 8.5 in h, 11 in w);;Technical
DotsPerInch;;;Y YTY;;;Stores dots per inch setting of the digitization mechanism used to produce the file;;Technical
Lightness;;;Y YTY;;;Describes the changes in lightness settings on the digitization mechanism made during the production of the file;;Technical
OriginalSourceMedium;;;Y YTY;;;Original medium of the material (e.g. vinyl, Audio-CD, Super8 or BetaMax);;Technical
OriginalSourceForm;;;Y YTY;;;Original form of the material (e.g. slide, paper, map);;Technical
OriginalSourceForm/NumColors;;;Y YTY;;;Number of colors requested when digitizing (e.g. 256 for images or 32 bit RGB for video);;Technical
OriginalSourceForm/Name;;;Y YTY;;;Name of the product the file was originally intended for;;Technical
OriginalSourceForm/Cropped;;;Y YTY;;;Describes whether the original image has been cropped and, if so, how it was cropped (e.g. 16:9 to 4:3, top and bottom);;Technical
OriginalSourceForm/Sharpness;;;Y YTY;;;Identifies changes in sharpness the digitization mechanism made during the production of the file;;Technical
Tagged_Application;;;Y YTY;;;Software used to tag the file;;Technical
BPM;;;Y YTY;;;Average number of beats per minute;;Technical
ISRC;;;Y YTY;;;International Standard Recording Code, excluding the ISRC prefix and including hyphens;;Identifier
ISBN;;;Y YTY;;;International Standard Book Number.;;Identifier
BarCode;;;Y YTY;;;EAN-13 (13-digit European Article Numbering) or UPC-A (12-digit Universal Product Code) bar code identifier;;Identifier
LCCN;;;Y YTY;;;Library of Congress Control Number;;Identifier
CatalogNumber;;;Y YTY;;;A label-specific catalogue number used to identify the release. e.g. TIC 01;;Identifier
LabelCode;;;Y YTY;;;A 4-digit or 5-digit number to identify the record label, typically printed as (LC) xxxx or (LC) 0xxxx on CDs medias or covers, with only the number being stored;;Identifier
Owner;;;Y YTY;;;Owner of the file;;Legal
Copyright;;;Y YTY;;;Copyright attribution;;Legal
Copyright/Url;;;Y YTY;;;Link to a site with copyright/legal information;;Legal
Producer_Copyright;;;Y YTY;;;Copyright information as per the production copyright holder;;Legal
TermsOfUse;;;Y YTY;;;License information (e.g. All Rights Reserved, Any Use Permitted);;Legal
ServiceName;;;Y YTY;;;;;Legal
ServiceChannel;;;Y YTY;;;;;Legal
Service/Url;;;Y YTY;;;;;Legal
ServiceProvider;;;Y YTY;;;;;Legal
ServiceProvider/Url;;;Y YTN;;;;;Legal
ServiceType;;;Y YTY;;;;;Legal
NetworkName;;;Y YTY;;;;;Legal
OriginalNetworkName;;;Y YTY;;;;;Legal
Country;;;Y YTY;;;;;Legal
TimeZone;;;Y YTY;;;;;Legal
Cover;;;Y YTY;;;Is there a cover;;Info
Cover_Description;;;Y YTY;;;Short description (e.g. Earth in space);;Info
Cover_Type;;;Y YTY;;;;;Info
Cover_Mime;;;Y YTY;;;Mime type of cover file;;Info
Cover_Data;;;N YTY;;;Cover, in binary format, encoded as BASE64;;Info
Lyrics;;;Y YTY;;;Text of a song;;Info
Comment;;;Y YTY;;;Any comment related to the content;;Personal
Rating;;;Y YTY;;;A numeric value defining how much a person likes the song/movie. The number is between 0 and 5 with decimal values possible (e.g. 2.7), 5(.0) being the highest possible rating.;;Personal
Added_Date;;;Y YTY;;;Date/year the item was added to the owners collection;;Personal
Played_First_Date;;;Y YTY;;;Date the owner first played an item;;Personal
Played_Last_Date;;;Y YTY;;;Date the owner last played an item;;Personal
Played_Count;;;Y YIY;;;Number of times an item was played;;Personal
EPG_Positions_Begin;;;N YIY;;;;;
EPG_Positions_End;;;N YIY;;;;;
