Count;;;N NI;;;Count of objects available in this stream
Status;;;N NI;;;bit field (0=IsAccepted, 1=IsFilled, 2=IsUpdated, 3=IsFinished)
StreamCount;;;N NI;;;Count of streams of that kind available
StreamKind;Video;;N NT;;;Stream type name
StreamKind/String;;;N NT;;;Stream type name
StreamKindID;;;N NI;;;Number of the stream (base=0)
StreamKindPos;;;N NI;;;When multiple streams, number of the stream (base=1)
StreamOrder;;;N YIY;;;Stream order in the file, whatever is the kind of stream (base=0)
FirstPacketOrder;;;N YIY;;;Order of the first fully decodable packet met in the file, whatever is the kind of stream (base=0)
Inform;;;N NT;;;Last **Inform** call
ID;;;N YTY;;;The ID for this stream in this file
ID/String;;;Y NT;;;The ID for this stream in this file
OriginalSourceMedium_ID;;;N YTY;;;The ID for this stream in the original medium of the material
OriginalSourceMedium_ID/String;;;Y NT;;;The ID for this stream in the original medium of the material
UniqueID;;;N YTY;;;The unique ID for this stream, should be copied with stream copy
UniqueID/String;;;Y NT;;;The unique ID for this stream, should be copied with stream copy
MenuID;;;N YTY;;;The menu ID for this stream in this file
MenuID/String;;;Y NT;;;The menu ID for this stream in this file
Format;;;N YTY;;;Format used
Format/String;;;Y NT;;;Format used + additional features
Format/Info;;;Y NT;;;Info about Format
Format/Url;;;N NT;;;Link
Format_Commercial;;;N NT;;;Commercial name used by vendor for theses setings or Format field if there is no difference
Format_Commercial_IfAny;;;Y YTY;;;Commercial name used by vendor for theses setings if there is one
Format_Version;;;Y YTY;;;Version of this format
Format_Profile;;;Y YTY;;;Profile of the Format (old XML: 'Profile@Level@Tier' format; MIXML: 'Profile' only)
Format_Level;;;Y YTY;;;Level of the Format (only MIXML)
Format_Tier;;;Y YTY;;;Tier of the Format (only MIXML)
Format_Compression;;;Y YTY;;;Compression method used
Format_AdditionalFeatures;;;N YTY;;;Format features needed for fully supporting the content
MultiView_BaseProfile;;;Y YTY;;;Multiview, profile of the base stream
MultiView_Count;;;Y YTY;;;Multiview, count of views
MultiView_Layout;;;Y YTY;;;Multiview, how views are muxed in the container in case of it is not muxing in the stream
HDR_Format;;;N YTY;;;Format used
HDR_Format/String;;;Y NT;;;Format used + version + profile + level + layers + settings + compatibility
HDR_Format_Commercial;;;N NT;;;Commercial name used by vendor for theses HDR settings or HDR Format field if there is no difference
HDR_Format_Version;;;N YTY;;;Version of this format
HDR_Format_Profile;;;N YTY;;;Profile of the Format
HDR_Format_Level;;;N YTY;;;Level of the Format
HDR_Format_Settings;;;N YTY;;;Settings of the Format
HDR_Format_Compatibility;;;N YTY;;;Compatibility with some commercial namings
Format_Settings;;;Y NT;;;Settings needed for decoder used, summary
Format_Settings_BVOP;;Yes;N YTY;;;Settings needed for decoder used, detailled
Format_Settings_BVOP/String;;;Y NT;;;Settings needed for decoder used, detailled
Format_Settings_QPel;;Yes;N YTY;;;Settings needed for decoder used, detailled
Format_Settings_QPel/String;;;Y NT;;;Settings needed for decoder used, detailled
Format_Settings_GMC;; warppoint;N YIY;;;Settings needed for decoder used, detailled
Format_Settings_GMC/String;;;Y NT;;;
Format_Settings_Matrix;;;N YTY;;;Settings needed for decoder used, detailled
Format_Settings_Matrix/String;;;Y NT;;;Settings needed for decoder used, detailled
Format_Settings_Matrix_Data;;;N NTY;;;Matrix, in binary format encoded BASE64. Order = intra, non-intra, gray intra, gray non-intra
Format_Settings_CABAC;;Yes;N YTY;;;Settings needed for decoder used, detailled
Format_Settings_CABAC/String;;;Y NT;;;Settings needed for decoder used, detailled
Format_Settings_RefFrames;; frame;N YIY;;;Settings needed for decoder used, detailled
Format_Settings_RefFrames/String;;;Y NT;;;Settings needed for decoder used, detailled
Format_Settings_Pulldown;;;Y YTY;;;Settings needed for decoder used, detailled
Format_Settings_Endianness;;;N YTY;;;;;
Format_Settings_Packing;;;N YTY;;;;;
Format_Settings_FrameMode;;;Y YTY;;;Settings needed for decoder used, detailled
Format_Settings_GOP;;;Y YTY;;;Settings needed for decoder used, detailled (M=x N=y)
Format_Settings_PictureStructure;;;Y YTY;;;Settings needed for decoder used, detailled (Type of frame, and field/frame info)
Format_Settings_Wrapping;;;Y YTY;;;Wrapping mode (Frame wrapped or Clip wrapped)
InternetMediaType;;;N YT;;;Internet Media Type (aka MIME Type, Content-Type)
MuxingMode;;;Y YTY;;;How this file is muxed in the container
CodecID;;;Y YTY;;;Codec ID (found in some containers);;
CodecID/String;;;Y NT;;;Codec ID (found in some containers);;
CodecID/Info;;;Y NT;;;Info on the codec
CodecID/Hint;;;Y NT;;;Hint/popular name for this codec
CodecID/Url;;;N NT;;;Homepage for more details about this codec
CodecID_Description;;;Y YT;;;Manual description given by the container
Codec;;;N NT;;;Deprecated, do not use in new projects
Codec/String;;;N NT;;;Deprecated, do not use in new projects
Codec/Family;;;N NT;;;Deprecated, do not use in new projects
Codec/Info;;;N NT;;;Deprecated, do not use in new projects
Codec/Url;;;N NT;;;Deprecated, do not use in new projects
Codec/CC;;;N NT;;;Deprecated, do not use in new projects
Codec_Profile;;;N NT;;;Deprecated, do not use in new projects
Codec_Description;;;N NT;;;Deprecated, do not use in new projects
Codec_Settings;;;N NT;;;Deprecated, do not use in new projects
Codec_Settings_PacketBitStream;;;N NT;;;Deprecated, do not use in new projects
Codec_Settings_BVOP;;;N NT;;;Deprecated, do not use in new projects
Codec_Settings_QPel;;;N NT;;;Deprecated, do not use in new projects
Codec_Settings_GMC;; warppoint;N NT;;;Deprecated, do not use in new projects
Codec_Settings_GMC/String;;;N NT;;;Deprecated, do not use in new projects
Codec_Settings_Matrix;;;N NT;;;Deprecated, do not use in new projects
Codec_Settings_Matrix_Data;;;N NT;;;Deprecated, do not use in new projects
Codec_Settings_CABAC;;;N NT;;;Deprecated, do not use in new projects
Codec_Settings_RefFrames;;;N NT;;;Deprecated, do not use in new projects
Duration;; ms;N YFY;;;Play time of the stream in ms;
Duration/String;;;Y NT;;;Play time in format : XXx YYy only, YYy omited if zero;
Duration/String1;;;N NT;;;Play time in format : HHh MMmn SSs MMMms, XX omited if zero;
Duration/String2;;;N NT;;;Play time in format : XXx YYy only, YYy omited if zero;
Duration/String3;;;N NT;;;Play time in format : HH:MM:SS.MMM;
Duration/String4;;;N NT;;;Play time in format : HH:MM:SS:FF, last colon replaced by semicolon for drop frame if available
Duration/String5;;;N NT;;;Play time in format : HH:MM:SS.mmm (HH:MM:SS:FF)
Duration_FirstFrame;; ms;N YFY;;;Duration of the first frame if it is longer than others, in ms;
Duration_FirstFrame/String;;;Y NT;;;Duration of the first frame if it is longer than others, in format : XXx YYy only, YYy omited if zero;
Duration_FirstFrame/String1;;;N NT;;;Duration of the first frame if it is longer than others, in format : HHh MMmn SSs MMMms, XX omited if zero;
Duration_FirstFrame/String2;;;N NT;;;Duration of the first frame if it is longer than others, in format : XXx YYy only, YYy omited if zero;
Duration_FirstFrame/String3;;;N NT;;;Duration of the first frame if it is longer than others, in format : HH:MM:SS.MMM;
Duration_FirstFrame/String4;;;N NT;;;Play time in format : HH:MM:SS:FF, last colon replaced by semicolon for drop frame if available
Duration_FirstFrame/String5;;;N NT;;;Play time in format : HH:MM:SS.mmm (HH:MM:SS:FF)
Duration_LastFrame;; ms;N YFY;;;Duration of the last frame if it is longer than others, in ms;
Duration_LastFrame/String;;;Y NT;;;Duration of the last frame if it is longer than others, in format : XXx YYy only, YYy omited if zero;
Duration_LastFrame/String1;;;N NT;;;Duration of the last frame if it is longer than others, in format : HHh MMmn SSs MMMms, XX omited if zero;
Duration_LastFrame/String2;;;N NT;;;Duration of the last frame if it is longer than others, in format : XXx YYy only, YYy omited if zero;
Duration_LastFrame/String3;;;N NT;;;Duration of the last frame if it is longer than others, in format : HH:MM:SS.MMM;
Duration_LastFrame/String4;;;N NT;;;Play time in format : HH:MM:SS:FF, last colon replaced by semicolon for drop frame if available
Duration_LastFrame/String5;;;N NT;;;Play time in format : HH:MM:SS.mmm (HH:MM:SS:FF)
Source_Duration;; ms;N YFY;;;Source Play time of the stream, in ms;;
Source_Duration/String;;;Y NT;;;Source Play time in format : XXx YYy only, YYy omited if zero;;
Source_Duration/String1;;;N NT;;;Source Play time in format : HHh MMmn SSs MMMms, XX omited if zero;;
Source_Duration/String2;;;N NT;;;Source Play time in format : XXx YYy only, YYy omited if zero;;
Source_Duration/String3;;;N NT;;;Source Play time in format : HH:MM:SS.MMM;;
Source_Duration/String4;;;N NT;;;Play time in format : HH:MM:SS:FF, last colon replaced by semicolon for drop frame if available
Source_Duration/String5;;;N NT;;;Play time in format : HH:MM:SS.mmm (HH:MM:SS:FF)
Source_Duration_FirstFrame;; ms;N YFY;;;Source Duration of the first frame if it is longer than others, in ms;
Source_Duration_FirstFrame/String;;;Y NT;;;Source Duration of the first frame if it is longer than others, in format : XXx YYy only, YYy omited if zero;
Source_Duration_FirstFrame/String1;;;N NT;;;Source Duration of the first frame if it is longer than others, in format : HHh MMmn SSs MMMms, XX omited if zero;
Source_Duration_FirstFrame/String2;;;N NT;;;Source Duration of the first frame if it is longer than others, in format : XXx YYy only, YYy omited if zero;
Source_Duration_FirstFrame/String3;;;N NT;;;Source Duration of the first frame if it is longer than others, in format : HH:MM:SS.MMM;
Source_Duration_FirstFrame/String4;;;N NT;;;Play time in format : HH:MM:SS:FF, last colon replaced by semicolon for drop frame if available
Source_Duration_FirstFrame/String5;;;N NT;;;Play time in format : HH:MM:SS.mmm (HH:MM:SS:FF)
Source_Duration_LastFrame;; ms;N YFY;;;Source Duration of the last frame if it is longer than others, in ms;
Source_Duration_LastFrame/String;;;Y NT;;;Source Duration of the last frame if it is longer than others, in format : XXx YYy only, YYy omited if zero;
Source_Duration_LastFrame/String1;;;N NT;;;Source Duration of the last frame if it is longer than others, in format : HHh MMmn SSs MMMms, XX omited if zero;
Source_Duration_LastFrame/String2;;;N NT;;;Source Duration of the last frame if it is longer than others, in format : XXx YYy only, YYy omited if zero;
Source_Duration_LastFrame/String3;;;N NT;;;Source Duration of the last frame if it is longer than others, in format : HH:MM:SS.MMM;
Source_Duration_LastFrame/String4;;;N NT;;;Play time in format : HH:MM:SS:FF, last colon replaced by semicolon for drop frame if available
Source_Duration_LastFrame/String5;;;N NT;;;Play time in format : HH:MM:SS.mmm (HH:MM:SS:FF)
BitRate_Mode;;;N YTY;;;Bit rate mode (VBR, CBR);
BitRate_Mode/String;;;Y NT;;;Bit rate mode (Variable, Cconstant);
BitRate;; bps;N YFY;;;Bit rate in bps;
BitRate/String;;;Y NT;;;Bit rate (with measurement);
BitRate_Minimum;; bps;N YFY;;;Minimum Bit rate in bps;
BitRate_Minimum/String;;;Y NT;;;Minimum Bit rate (with measurement)
BitRate_Nominal;; bps;N YFY;;;Nominal Bit rate in bps
BitRate_Nominal/String;;;Y NT;;;Nominal Bit rate (with measurement)
BitRate_Maximum;; bps;N YFY;;;Maximum Bit rate in bps
BitRate_Maximum/String;;;Y NT;;;Maximum Bit rate (with measurement)
BitRate_Encoded;; bps;N YFY;;;Encoded (with forced padding) bit rate in bps, if some container padding is present
BitRate_Encoded/String;;;N NT;;;Encoded (with forced padding) bit rate (with measurement), if some container padding is present
Width;; pixel;N YIY;;;Width (aperture size if present) in pixel
Width/String;;;Y NT;;;Width (aperture size if present) with measurement (pixel)
Width_Offset;; pixel;N YIY;;;Offset between original width and displayed width in pixel
Width_Offset/String;;;N NT;;;Offset between original width and displayed width in pixel
Width_Original;; pixel;N YIY;;;Original (in the raw stream) width in pixel
Width_Original/String;;;Y NT;;;Original (in the raw stream) width with measurement (pixel)
Width_CleanAperture;; pixel;N YIY;;;Clean Aperture width in pixel
Width_CleanAperture/String;;;Y NT;;;Clean Aperture width with measurement (pixel)
Height;; pixel;N YIY;;;Height in pixel
Height/String;;;Y NT;;;Height with measurement (pixel)
Height_Offset;; pixel;N YIY;;;Offset between original height and displayed height in pixel
Height_Offset/String;;;N NT;;;Offset between original height and displayed height  in pixel
Height_Original;; pixel;N YIY;;;Original (in the raw stream) height in pixel
Height_Original/String;;;Y NT;;;Original (in the raw stream) height with measurement (pixel)
Height_CleanAperture;; pixel;N YI;;;Clean Aperture height in pixel
Height_CleanAperture/String;;;Y NT;;;Clean Aperture height with measurement (pixel)
Stored_Width;;;N YIY;;;Stored width
Stored_Height;;;N YIY;;;Stored height
Sampled_Width;;;N YIY;;;Sampled width
Sampled_Height;;;N YIY;;;Sampled height
PixelAspectRatio;;;N YFY;;;Pixel Aspect ratio
PixelAspectRatio/String;;;N NT;;;Pixel Aspect ratio
PixelAspectRatio_Original;;;N YFY;;;Original (in the raw stream) Pixel Aspect ratio
PixelAspectRatio_Original/String;;;N NT;;;Original (in the raw stream) Pixel Aspect ratio
PixelAspectRatio_CleanAperture;;;N YF;;;Clean Aperture Pixel Aspect ratio
PixelAspectRatio_CleanAperture/String;;;N NT;;;Clean Aperture Pixel Aspect ratio
DisplayAspectRatio;;;N YFY;;;Display Aspect ratio
DisplayAspectRatio/String;;;Y NT;;;Display Aspect ratio
DisplayAspectRatio_Original;;;N YFY;;;Original (in the raw stream) Display Aspect ratio
DisplayAspectRatio_Original/String;;;Y NT;;;Original (in the raw stream) Display Aspect ratio
DisplayAspectRatio_CleanAperture;;;N YF;;;Clean Aperture Display Aspect ratio
DisplayAspectRatio_CleanAperture/String;;;Y NT;;;Clean Aperture Display Aspect ratio
ActiveFormatDescription;;;N YNY;;;Active Format Description (AFD value)
ActiveFormatDescription/String;;;Y NT;;;Active Format Description (text)
ActiveFormatDescription_MuxingMode;;;N YT;;;Active Format Description (AFD value) muxing mode (Ancillary or Raw stream)
Rotation;;;N YTY;;;Rotation
Rotation/String;;;Y NT;;;Rotation (if not horizontal)
FrameRate_Mode;;;N YTY;;;Frame rate mode (CFR, VFR)
FrameRate_Mode/String;;;Y NT;;;Frame rate mode (Constant, Variable)
FrameRate_Mode_Original;;;N YTY;;;Original frame rate mode (CFR, VFR)
FrameRate_Mode_Original/String;;;Y NT;;;Original frame rate mode (Constant, Variable)
FrameRate;; fps;N YFY;;;Frames per second
FrameRate/String;;;Y NT;;;Frames per second (with measurement)
FrameRate_Num;;;N NFN;;;Frames per second, numerator
FrameRate_Den;;;N NFN;;;Frames per second, denominator
FrameRate_Minimum;; fps;N YFY;;;Minimum Frames per second
FrameRate_Minimum/String;;;Y NT;;;Minimum Frames per second (with measurement)
FrameRate_Nominal;; fps;N YFY;;;Nominal Frames per second
FrameRate_Nominal/String;;;Y NT;;;Nominal Frames per second (with measurement)
FrameRate_Maximum;; fps;N YFY;;;Maximum Frames per second
FrameRate_Maximum/String;;;Y NT;;;Maximum Frames per second (with measurement)
FrameRate_Original;; fps;N YFY;;;Original (in the raw stream) frames per second
FrameRate_Original/String;;;Y NT;;;Original (in the raw stream) frames per second (with measurement)
FrameRate_Original_Num;;;N NFN;;;Frames per second, numerator
FrameRate_Original_Den;;;N NFN;;;Frames per second, denominator
FrameCount;;;N NIY;;;Number of frames
Source_FrameCount;;;N NI;;;Source Number of frames
Standard;;;Y NTY;;;NTSC or PAL
Resolution;; bit;N NI;;;Deprecated, do not use in new projects
Resolution/String;;;N NT;;;Deprecated, do not use in new projects
Colorimetry;;;N NT;;;Deprecated, do not use in new projects
ColorSpace;;;Y YTY;;;
ChromaSubsampling;;;N YTY;;;
ChromaSubsampling/String;;;Y NT;;;
ChromaSubsampling_Position;;;N YTY;;;
BitDepth;; bit;N YIY;;;16/24/32
BitDepth/String;;;Y NT;;;16/24/32 bits
ScanType;;;N YTY;;;
ScanType/String;;;Y NT;;;
ScanType_Original;;;N YTY;;;
ScanType_Original/String;;;Y NT;;;
ScanType_StoreMethod;;;N YT;;;;Separated fields or Interleaved fields
ScanType_StoreMethod_FieldsPerBlock;;;N YT;;;;Count of fields per container block
ScanType_StoreMethod/String;;;Y NT;;;;Separated fields or Interleaved fields
ScanOrder;;;N YTY;;;;
ScanOrder/String;;;Y NT;;;;
ScanOrder_Stored;;;N YTY;;;;In case the stored order is not same as the display order
ScanOrder_Stored/String;;;Y NT;;;;In case the stored order is not same as the display order
ScanOrder_StoredDisplayedInverted;;;N NT;;;;
ScanOrder_Original;;;N YTY;;;;
ScanOrder_Original/String;;;Y NT;;;;
Interlacement;;;N NT;;;Deprecated, do not use in new projects;
Interlacement/String;;;N NT;;;Deprecated, do not use in new projects;
Compression_Mode;;;N YTY;;;Compression mode (Lossy or Lossless)
Compression_Mode/String;;;Y NT;;;Compression mode (Lossy or Lossless)
Compression_Ratio;;;Y YFY;;;Current stream size divided by uncompressed stream size;;
Bits-(Pixel*Frame);;;Y NFN;;;bits/(Pixel*Frame) (like Gordian Knot);
Delay;; ms;N NFY;;;Delay fixed in the stream (relative) IN MS;
Delay/String;;;N NT;;;Delay with measurement;
Delay/String1;;;N NT;;;Delay with measurement;
Delay/String2;;;N NT;;;Delay with measurement;
Delay/String3;;;N NT;;;Delay in format : HH:MM:SS.MMM;
Delay/String4;;;N NT;;;Delay in format : HH:MM:SS:FF, last colon replaced by semicolon for drop frame if available
Delay/String5;;;N NT;;;Delay in format : HH:MM:SS.mmm (HH:MM:SS:FF)
Delay_Settings;;;N NT;;;Delay settings (in case of timecode for example);
Delay_DropFrame;;;N NT;;;Delay drop frame;
Delay_Source;;;N NT;;;Delay source (Container or Stream or empty);
Delay_Source/String;;;N NT;;;Delay source (Container or Stream or empty);
Delay_Original;; ms;N NIY;;;Delay fixed in the raw stream (relative) IN MS;
Delay_Original/String;;;N NT;;;Delay with measurement;
Delay_Original/String1;;;N NT;;;Delay with measurement;
Delay_Original/String2;;;N NT;;;Delay with measurement;
Delay_Original/String3;;;N NT;;;Delay in format: HH:MM:SS.MMM;;
Delay_Original/String4;;;N NT;;;Delay in format: HH:MM:SS:FF, last colon replaced by semicolon for drop frame if available;
Delay_Original/String5;;;N NT;;;Delay in format : HH:MM:SS.mmm (HH:MM:SS:FF)
Delay_Original_Settings;;;N NT;;;Delay settings (in case of timecode for example);;
Delay_Original_DropFrame;;;N NT;;;Delay drop frame info;
Delay_Original_Source;;;N NT;;;Delay source (Stream or empty);
TimeStamp_FirstFrame;; ms;N YFY;;;TimeStamp fixed in the stream (relative) IN MS;
TimeStamp_FirstFrame/String;;;Y NT;;;TimeStamp with measurement;
TimeStamp_FirstFrame/String1;;;N NT;;;TimeStamp with measurement;
TimeStamp_FirstFrame/String2;;;N NT;;;TimeStamp with measurement;
TimeStamp_FirstFrame/String3;;;N NT;;;TimeStamp in format : HH:MM:SS.MMM;
TimeStamp_FirstFrame/String4;;;N NT;;;TimeStamp in format: HH:MM:SS:FF, last colon replaced by semicolon for drop frame if available;
TimeStamp_FirstFrame/String5;;;N NT;;;TimeStamp in format : HH:MM:SS.mmm (HH:MM:SS:FF)
TimeCode_FirstFrame;;;Y YCY;;;Time code in HH:MM:SS:FF, last colon replaced by semicolon for drop frame if available format
TimeCode_Settings;;;Y YTY;;;Time code settings
TimeCode_Source;;;Y YTY;;;Time code source (Container, Stream, SystemScheme1, SDTI, ANC...)
Gop_OpenClosed;; ;N YTY;;;Time code information about Open/Closed
Gop_OpenClosed/String;;;Y NT;;;Time code information about Open/Closed
Gop_OpenClosed_FirstFrame;; ;N YTY;;;Time code information about Open/Closed of first frame if GOP is Open for the other GOPs
Gop_OpenClosed_FirstFrame/String;;;Y NT;;;Time code information about Open/Closed of first frame if GOP is Open for the other GOPs
StreamSize;; byte;N YIY;;;Streamsize in bytes;;
StreamSize/String;;;Y NT;;;Streamsize in with percentage value;;
StreamSize/String1;;;N NT;;;;;
StreamSize/String2;;;N NT;;;;;
StreamSize/String3;;;N NT;;;;;
StreamSize/String4;;;N NT;;;;;
StreamSize/String5;;;N NT;;;Streamsize in with percentage value;;
StreamSize_Proportion;;;N NT;;;Stream size divided by file size;;
StreamSize_Demuxed;; byte;N YIN;;;StreamSize in bytes of hte stream after demux;;
StreamSize_Demuxed/String;;;N NT;;;StreamSize_Demuxed in with percentage value;;
StreamSize_Demuxed/String1;;;N NT;;;;;
StreamSize_Demuxed/String2;;;N NT;;;;;
StreamSize_Demuxed/String3;;;N NT;;;;;
StreamSize_Demuxed/String4;;;N NT;;;;;
StreamSize_Demuxed/String5;;;N NT;;;StreamSize_Demuxed in with percentage value (note: theoritical value, not for real use);;
Source_StreamSize;; byte;N YIY;;;Source Streamsize in bytes;;
Source_StreamSize/String;;;Y NT;;;Source Streamsize in with percentage value;;
Source_StreamSize/String1;;;N NT;;;;;
Source_StreamSize/String2;;;N NT;;;;;
Source_StreamSize/String3;;;N NT;;;;;
Source_StreamSize/String4;;;N NT;;;;;
Source_StreamSize/String5;;;N NT;;;Source Streamsize in with percentage value;;
Source_StreamSize_Proportion;;;N NT;;;Source Stream size divided by file size;;
StreamSize_Encoded;; byte;N YIY;;;Encoded Streamsize in bytes;;
StreamSize_Encoded/String;;;N NT;;;Encoded Streamsize in with percentage value;;
StreamSize_Encoded/String1;;;N NT;;;;;
StreamSize_Encoded/String2;;;N NT;;;;;
StreamSize_Encoded/String3;;;N NT;;;;;
StreamSize_Encoded/String4;;;N NT;;;;;
StreamSize_Encoded/String5;;;N NT;;;Encoded Streamsize in with percentage value;;
StreamSize_Encoded_Proportion;;;N NT;;;Encoded Stream size divided by file size;;
Source_StreamSize_Encoded;; byte;N YIY;;;Source Encoded Streamsize in bytes;;
Source_StreamSize_Encoded/String;;;N NT;;;Source Encoded Streamsize in with percentage value;;
Source_StreamSize_Encoded/String1;;;N NT;;;;;
Source_StreamSize_Encoded/String2;;;N NT;;;;;
Source_StreamSize_Encoded/String3;;;N NT;;;;;
Source_StreamSize_Encoded/String4;;;N NT;;;;;
Source_StreamSize_Encoded/String5;;;N NT;;;Source Encoded Streamsize in with percentage value;;
Source_StreamSize_Encoded_Proportion;;;N NT;;;Source Encoded Stream size divided by file size;;
Alignment;;;Y NTY;;;How this stream file is aligned in the container;;
Alignment/String;;;N YT;;;;;
Title;;;Y YTY;;;Name of the track;;
Encoded_Application;;;N YTY;;;Name of the software package used to create the file, such as Microsoft WaveEdit;;Technical
Encoded_Application/String;;;Y NTY;;;Name of the software package used to create the file, such as Microsoft WaveEdit, trying to have the format 'CompanyName ProductName (OperatingSystem) Version (Date)';;Technical
Encoded_Application_CompanyName;;;N YTY;;;Name of the company;;Technical
Encoded_Application_Name;;;N YTY;;;Name of the product;;Technical
Encoded_Application_Version;;;N YTY;;;Version of the product;;Technical
Encoded_Application_Url;;;N YTY;;;Name of the software package used to create the file, such as Microsoft WaveEdit.;;Technical
Encoded_Library;;;N YTY;;;Software used to create the file;;Technical
Encoded_Library/String;;;Y NT;;;Software used to create the file, trying to have the format 'CompanyName ProductName (OperatingSystem) Version (Date)';;Technical
Encoded_Library_CompanyName;;;N YTY;;;Name of the company;;Technical
Encoded_Library_Name;;;N NTY;;;Name of the the encoding-software;;Technical
Encoded_Library_Version;;;N NTY;;;Version of encoding-software;;Technical
Encoded_Library_Date;;;N NTY;;;Release date of software;;Technical
Encoded_Library_Settings;;;Y YTY;;;Parameters used by the software;;Technical
Encoded_OperatingSystem;;;N YTY;;;Operating System of encoding-software;;Technical
Language;;;N YTY;;;Language (2-letter ISO 639-1 if exists, else 3-letter ISO 639-2, and with optional ISO 3166-1 country separated by a dash if available, e.g. en, en-us, zh-cn);;
Language/String;;;Y NT;;;Language (full);;
Language/String1;;;N NT;;;Language (full);;
Language/String2;;;N NT;;;Language (2-letter ISO 639-1 if exists, else empty);;
Language/String3;;;N NT;;;Language (3-letter ISO 639-2 if exists, else empty);;
Language/String4;;;N NT;;;Language (2-letter ISO 639-1 if exists with optional ISO 3166-1 country separated by a dash if available, e.g. en, en-us, zh-cn, else empty);;
Language_More;;;Y YTY;;;More info about Language (e.g. Director's Comment);;
ServiceKind;;;N YTY;;;Service kind, e.g. visually impaired, commentary, voice over;;
ServiceKind/String;;;Y NT;;;Service kind (full);;
Disabled;;Yes;N YTY;;;Set if that track should not be used
Disabled/String;;;Y NT;;;Set if that track should not be used
Default;;Yes;N YTY;;;Set if that track should be used if no language found matches the user preference.
Default/String;;;Y NT;;;Set if that track should be used if no language found matches the user preference.
Forced;;Yes;N YTY;;;Set if that track should be used if no language found matches the user preference.
Forced/String;;;Y NT;;;Set if that track should be used if no language found matches the user preference.
AlternateGroup;;Yes;N YTY;;;Number of a group in order to provide versions of the same track
AlternateGroup/String;;;Y NT;;;Number of a group in order to provide versions of the same track
Encoded_Date;;;Y YTY;;;UTC time that the encoding of this item was completed began.;;Temporal
Tagged_Date;;;Y YTY;;;UTC time that the tags were done for this item.;;Temporal
Encryption;;;Y YTY;;;;;
BufferSize;;;N YTY;;;Defines the size of the buffer needed to decode the sequence.
colour_description_present;;;N YTY;;;Presence of colour description
colour_description_present_Source;;;N YTY;;;Presence of colour description (source)
colour_description_present_Original;;;N YTY;;;Presence of colour description (if incoherencies)
colour_description_present_Original_Source;;;N YTY;;;Presence of colour description (source if incoherencies)
colour_range;;;Y YTY;;;Colour range for YUV colour space
colour_range_Source;;;N YTY;;;Colour range for YUV colour space (source)
colour_range_Original;;;Y YTY;;;Colour range for YUV colour space (if incoherencies)
colour_range_Original_Source;;;N YTY;;;Colour range for YUV colour space (source if incoherencies)
colour_primaries;;;Y YTY;;;Chromaticity coordinates of the source primaries
colour_primaries_Source;;;N YTY;;;Chromaticity coordinates of the source primaries (source)
colour_primaries_Original;;;Y YTY;;;Chromaticity coordinates of the source primaries (if incoherencies)
colour_primaries_Original_Source;;;N YTY;;;Chromaticity coordinates of the source primaries (source if incoherencies)
transfer_characteristics;;;Y YTY;;;Opto-electronic transfer characteristic of the source picture
transfer_characteristics_Source;;;N YTY;;;Opto-electronic transfer characteristic of the source picture (source)
transfer_characteristics_Original;;;Y YTY;;;Opto-electronic transfer characteristic of the source picture (if incoherencies)
transfer_characteristics_Original_Source;;;N YTY;;;Opto-electronic transfer characteristic of the source picture (source if incoherencies)
matrix_coefficients;;;Y YTY;;;Matrix coefficients used in deriving luma and chroma signals from the green, blue, and red primaries
matrix_coefficients_Source;;;N YTY;;;Matrix coefficients used in deriving luma and chroma signals from the green, blue, and red primaries (source)
matrix_coefficients_Original;;;Y YTY;;;Matrix coefficients used in deriving luma and chroma signals from the green, blue, and red primaries (if incoherencies)
matrix_coefficients_Original_Source;;;N YTY;;;Matrix coefficients used in deriving luma and chroma signals from the green, blue, and red primaries (source if incoherencies)
MasteringDisplay_ColorPrimaries;;;Y YTY;;;Chromaticity coordinates of the source primaries of the mastering display
MasteringDisplay_ColorPrimaries_Source;;;N YTY;;;Chromaticity coordinates of the source primaries of the mastering display (source)
MasteringDisplay_ColorPrimaries_Original;;;Y YTY;;;Chromaticity coordinates of the source primaries of the mastering display (if incoherencies)
MasteringDisplay_ColorPrimaries_Original_Source;;;N YTY;;;Chromaticity coordinates of the source primaries of the mastering display (source if incoherencies)
MasteringDisplay_Luminance;;;Y YTY;;;Luminance of the mastering display
MasteringDisplay_Luminance_Source;;;N YTY;;;Luminance of the mastering display (source)
MasteringDisplay_Luminance_Original;;;Y YTY;;;Luminance of the mastering display (if incoherencies)
MasteringDisplay_Luminance_Original_Source;;;N YTY;;;Luminance of the mastering display (source if incoherencies)
MaxCLL;;;Y YTY;;;Maximum content light level
MaxCLL_Source;;;N YTY;;;Maximum content light level (source)
MaxCLL_Original;;;Y YTY;;;Maximum content light level (if incoherencies)
MaxCLL_Original_Source;;;N YTY;;;Maximum content light level (source if incoherencies)
MaxFALL;;;Y YTY;;;Maximum frame average light level
MaxFALL_Source;;;N YTY;;;Maximum frame average light level (source)
MaxFALL_Original;;;Y YTY;;;Maximum frame average light level (if incoherencies)
MaxFALL_Original_Source;;;N YTY;;;Maximum frame average light level (source if incoherencies)
